V gene,CDR3,J gene,Incidence in CMV+ subjects,Incidence in CMV- subjects,P-value,HLA restriction
TCRBV09-01,CASSGQGAYEQYF,TCRBJ02-07*01,61,11,2.16E-13,
TCRBV19-01,CASSIGPLEHNEQFF,TCRBJ02-01*01,30,0,1.75E-11,A1
TCRBV05-01*01,CASSPDRVGQETQYF,TCRBJ02-05*01,33,1,2.66E-11,
TCRBV07-02*01,CASSLEAEYEQYF,TCRBJ02-07*01,30,1,3.20E-10,B8
TCRBV28-01*01,CASSIEGNQPQHF,TCRBJ01-05*01,26,0,5.31E-10,
TCRBV24,CATSDGDEQFF,TCRBJ02-01*01,41,6,5.87E-10,A1
TCRBV05-06*01,CASSLVAGGRETQYF,TCRBJ02-05*01,50,11,6.10E-10,B8
TCRBV07-06*01,CASSRGRQETQYF,TCRBJ02-05*01,37,5,2.56E-09,
TCRBV09-01,CASSAGQGVTYEQYF,TCRBJ02-07*01,24,0,2.88E-09,"A1, B8"
TCRBV14-01*01,CASSQNRGQETQYF,TCRBJ02-05*01,29,2,6.65E-09,
TCRBV04-03*01,CASSPQRNTEAFF,TCRBJ01-01*01,29,2,6.65E-09,B7
TCRBV07-06*01,CASSLAPGATNEKLFF,TCRBJ01-04*01,35,5,1.12E-08,A2
TCRBV07-09,CASSLIGVSSYNEQFF,TCRBJ02-01*01,27,2,3.19E-08,"A3, B7"
TCRBV29-01*01,CSVRDNFNQPQHF,TCRBJ01-05*01,21,0,3.59E-08,
TCRBV12,CASSQTGGRNQPQHF,TCRBJ01-05*01,29,3,4.18E-08,A2
TCRBV05-01*01,CASSLVIGGDTEAFF,TCRBJ01-01*01,26,2,6.94E-08,B8
TCRBV05-06*01,CASSLRREKLFF,TCRBJ01-04*01,26,2,6.94E-08,A29
TCRBV05-06*01,CASSFHGFNQPQHF,TCRBJ01-05*01,20,0,8.29E-08,B8
TCRBV15-01*01,CATSRDTQGSYGYTF,TCRBJ01-02*01,20,0,8.29E-08,
TCRBV07-03*01,CASSRLAGGTDTQYF,TCRBJ02-03*01,53,18,8.55E-08,B8
TCRBV07-09,CASSFPTSGQETQYF,TCRBJ02-05*01,28,3,8.88E-08,A24
TCRBV25-01*01,CASSPGDEQYF,TCRBJ02-07*01,23,1,9.44E-08,B7
TCRBV28-01*01,CASSLPSGLTDTQYF,TCRBJ02-03*01,25,2,1.50E-07,
TCRBV06-04,CASSEIPNTEAFF,TCRBJ01-01*01,19,0,1.91E-07,A24
TCRBV19-01,CASSIWGLDTEAFF,TCRBJ01-01*01,29,4,2.03E-07,
TCRBV25-01*01,CASSPGDEQFF,TCRBJ02-01*01,29,4,2.03E-07,B7
TCRBV15-01*01,CATSRDSQGSYGYTF,TCRBJ01-02*01,22,1,2.10E-07,
TCRBV06-05*01,CASSYGGLGSYEQYF,TCRBJ02-07*01,26,3,3.94E-07,
TCRBV05-06*01,CASSPSTGTEAFF,TCRBJ01-01*01,18,0,4.39E-07,
TCRBV29-01*01,CSVEEDEGIYGYTF,TCRBJ01-02*01,18,0,4.39E-07,
TCRBV19-01,CASSPAGLNTEAFF,TCRBJ01-01*01,21,1,4.64E-07,
TCRBV12,CASSLGLKGTQYF,TCRBJ02-05*01,21,1,4.64E-07,
TCRBV27-01*01,CASMGGASYEQYF,TCRBJ02-07*01,21,1,4.64E-07,
TCRBV14-01*01,CASSQVPGQGDNEQFF,TCRBJ02-01*01,21,1,4.64E-07,"A1, B8"
TCRBV24,CATSDGDTQYF,TCRBJ02-03*01,51,19,6.10E-07,"A1, B8"
TCRBV24,CATSDGETQYF,TCRBJ02-05*01,73,37,6.87E-07,"A1, B52"
TCRBV29-01*01,CSVRDNYNQPQHF,TCRBJ01-05*01,23,2,6.93E-07,
TCRBV05-06*01,CASSLVASGRETQYF,TCRBJ02-05*01,23,2,6.93E-07,
TCRBV20,CSASPGQGASYGYTF,TCRBJ01-02*01,17,0,1.01E-06,
TCRBV10-02*01,CASSESGHRNQPQHF,TCRBJ01-05*01,17,0,1.01E-06,
TCRBV05-01*01,CASSLGHRDPNTGELFF,TCRBJ02-02*01,17,0,1.01E-06,
TCRBV12,CASSLGGAGDTQYF,TCRBJ02-03*01,46,16,1.01E-06,
TCRBV06-01*01,CASNRDRGRYEQYF,TCRBJ02-07*01,20,1,1.02E-06,
TCRBV29-01*01,CSVRDNHNQPQHF,TCRBJ01-05*01,20,1,1.02E-06,
TCRBV09-01,CASSAQGAYEQYF,TCRBJ02-07*01,32,7,1.20E-06,
TCRBV15-01*01,CATSRGTVSYEQYF,TCRBJ02-07*01,30,6,1.42E-06,
TCRBV28-01*01,CASSPPSGLTDTQYF,TCRBJ02-03*01,22,2,1.48E-06,
TCRBV02-01*01,CASSGDRLYEQYF,TCRBJ02-07*01,24,3,1.71E-06,
TCRBV14-01*01,CASSLNRGQETQYF,TCRBJ02-05*01,19,1,2.25E-06,
TCRBV07-02*01,CASSLGVGPYNEQFF,TCRBJ02-01*01,19,1,2.25E-06,B7
TCRBV24,CATSDSVTNTGELFF,TCRBJ02-02*01,19,1,2.25E-06,B8
TCRBV06-05*01,CASSRNRESNQPQHF,TCRBJ01-05*01,19,1,2.25E-06,
TCRBV06-01*01,CASSEARTRAFF,TCRBJ01-01*01,16,0,2.31E-06,
TCRBV06-06,CASSYNPYSNQPQHF,TCRBJ01-05*01,16,0,2.31E-06,
TCRBV05-01*01,CASSLGHRDSSYEQYF,TCRBJ02-07*01,16,0,2.31E-06,B57
TCRBV07-03*01,CASSRLAASTDTQYF,TCRBJ02-03*01,23,3,3.53E-06,B8
TCRBV09-01,CASSVTGGTDTQYF,TCRBJ02-03*01,74,41,3.73E-06,"A1, B8"
TCRBV18-01*01,CASSPPGQGSDTQYF,TCRBJ02-03*01,30,7,4.43E-06,
TCRBV24,CATSDSRTGGQETQYF,TCRBJ02-05*01,18,1,4.91E-06,
TCRBV28-01*01,CASSSPGRSGANVLTF,TCRBJ02-06*01,18,1,4.91E-06,
TCRBV07-09,CASSPLSDTQYF,TCRBJ02-03*01,33,9,5.11E-06,
TCRBV12,CASSLTGGRNQPQHF,TCRBJ01-05*01,36,11,5.26E-06,A2
TCRBV05-08*01,CASSIQGYSNQPQHF,TCRBJ01-05*01,15,0,5.27E-06,
TCRBV19-01,CASSTTGGDGYTF,TCRBJ01-02*01,28,6,5.40E-06,
TCRBV09-01,CASSVLAGPTDTQYF,TCRBJ02-03*01,26,5,6.32E-06,A1
TCRBV07-09,CASSHRDRNYEQYF,TCRBJ02-07*01,20,2,6.61E-06,A24
TCRBV04-03*01,CASSPSRNTEAFF,TCRBJ01-01*01,20,2,6.61E-06,B7
TCRBV12,CASSLGGPGDTQYF,TCRBJ02-03*01,24,4,7.03E-06,
TCRBV06-01*01,CASSEARGGVEKLFF,TCRBJ01-04*01,22,3,7.24E-06,
TCRBV06-01*01,CASSTGTSGSYEQYF,TCRBJ02-07*01,17,1,1.07E-05,
TCRBV06-04,CASRSDSGANVLTF,TCRBJ02-06*01,17,1,1.07E-05,
TCRBV07-02*01,CASSLEAENEQFF,TCRBJ02-01*01,14,0,1.20E-05,B8
TCRBV02-01*01,CASSEAPSTSTDTQYF,TCRBJ02-03*01,14,0,1.20E-05,
TCRBV07-08*01,CASSLQGADTQYF,TCRBJ02-03*01,14,0,1.20E-05,
TCRBV28-01*01,CASSLEGQQPQHF,TCRBJ01-05*01,14,0,1.20E-05,
TCRBV06-05*01,CASSYGGEGYTF,TCRBJ01-02*01,36,12,1.24E-05,
TCRBV05-08*01,CASSLRGSSYNEQFF,TCRBJ02-01*01,25,5,1.24E-05,
TCRBV19-01,CASSISAGEAFF,TCRBJ01-01*01,21,3,1.47E-05,
TCRBV06-01*01,CASRPTGYEQYF,TCRBJ02-07*01,21,3,1.47E-05,
TCRBV30-01*01,CAWRGTGNSPLHF,TCRBJ01-06*01,21,3,1.47E-05,
TCRBV05-06*01,CASSLGDRAYNEQFF,TCRBJ02-01*01,28,7,1.58E-05,
TCRBV05-08*01,CASSLQGYSNQPQHF,TCRBJ01-05*01,34,11,1.71E-05,B8
TCRBV06-05*01,CASSYVRTGGNYGYTF,TCRBJ01-02*01,31,9,1.73E-05,
TCRBV07-09,CASSLAGVDYEQYF,TCRBJ02-07*01,26,6,1.98E-05,
TCRBV28-01*01,CASSLGAGNQPQHF,TCRBJ01-05*01,29,8,2.28E-05,
TCRBV06-04,CASSRDRNYGYTF,TCRBJ01-02*01,29,8,2.28E-05,
TCRBV02-01*01,CASGRDTYEQYF,TCRBJ02-07*01,16,1,2.31E-05,
TCRBV30-01*01,CAWSVSDLAKNIQYF,TCRBJ02-04*01,16,1,2.31E-05,
TCRBV05-04*01,CASSPNQETQYF,TCRBJ02-05*01,16,1,2.31E-05,
TCRBV20-01*01,CSASDHEQYF,TCRBJ02-07*01,24,5,2.39E-05,
TCRBV25-01*01,CASSWDRDNSPLHF,TCRBJ01-06*01,13,0,2.73E-05,B7
TCRBV05-01*01,CASSPGQEAGANVLTF,TCRBJ02-06*01,13,0,2.73E-05,
TCRBV05-06*01,CASSLVAAGRETQYF,TCRBJ02-05*01,13,0,2.73E-05,
TCRBV04-03*01,CASSPHRNTEAFF,TCRBJ01-01*01,13,0,2.73E-05,B7
TCRBV06-05*01,CASRGQGWDEKLFF,TCRBJ01-04*01,13,0,2.73E-05,
TCRBV03,CASSQVETDTQYF,TCRBJ02-03*01,13,0,2.73E-05,
TCRBV02-01*01,CASRDWDYTDTQYF,TCRBJ02-03*01,13,0,2.73E-05,
TCRBV05-01*01,CASSSDRVGQETQYF,TCRBJ02-05*01,13,0,2.73E-05,
TCRBV11-02*02,CASSLGDRPDTQYF,TCRBJ02-03*01,13,0,2.73E-05,
TCRBV05-01*01,CASSLEGQGFGYTF,TCRBJ01-02*01,13,0,2.73E-05,
TCRBV05-06*01,CASSSGQVYGYTF,TCRBJ01-02*01,22,4,2.76E-05,
TCRBV02-01*01,CASSEEGIQPQHF,TCRBJ01-05*01,22,4,2.76E-05,
TCRBV05-06*01,CASSLETYGYTF,TCRBJ01-02*01,18,2,2.88E-05,
TCRBV11-01*01,CASSFPGGETQYF,TCRBJ02-05*01,18,2,2.88E-05,
TCRBV11-02*02,CASSSGQVQETQYF,TCRBJ02-05*01,18,2,2.88E-05,B51
TCRBV10-02*01,CASSEGARQPQHF,TCRBJ01-05*01,18,2,2.88E-05,
TCRBV20,CSALGHSNQPQHF,TCRBJ01-05*01,18,2,2.88E-05,
TCRBV05-05*01,CASSLLWDQPQHF,TCRBJ01-05*01,20,3,2.98E-05,
TCRBV07-08*01,CASSLVGDGYTF,TCRBJ01-02*01,37,14,3.37E-05,
TCRBV28-01*01,CASSSRGTGELFF,TCRBJ02-02*01,25,6,3.75E-05,
TCRBV15-01*01,CATSRVAGETQYF,TCRBJ02-05*01,25,6,3.75E-05,B7
TCRBV02-01*01,CASRGQGAGELFF,TCRBJ02-02*01,31,10,4.17E-05,
TCRBV12,CASSPGGTQYF,TCRBJ02-05*01,28,8,4.19E-05,
TCRBV05-06*01,CASSLQGINQPQHF,TCRBJ01-05*01,23,5,4.60E-05,
TCRBV14-01*01,CASSQGRHTDTQYF,TCRBJ02-03*01,15,1,4.97E-05,A68
TCRBV27-01*01,CASSPRWQETQYF,TCRBJ02-05*01,15,1,4.97E-05,B14
TCRBV06-01*01,CASRDRDRVNTEAFF,TCRBJ01-01*01,15,1,4.97E-05,A3
TCRBV06-05*01,CASSWDRGTEAFF,TCRBJ01-01*01,32,11,5.35E-05,
TCRBV12,CASSRPGQGNTEAFF,TCRBJ01-01*01,26,7,5.48E-05,
TCRBV19-01,CASSPGSGANVLTF,TCRBJ02-06*01,40,17,5.61E-05,
TCRBV28-01*01,CASRRGSSYEQYF,TCRBJ02-07*01,17,2,5.97E-05,
TCRBV06-04,CASRTDSGANVLTF,TCRBJ02-06*01,17,2,5.97E-05,
TCRBV03,CASSQDPRGTEAFF,TCRBJ01-01*01,17,2,5.97E-05,
TCRBV07-02*01,CASSLTGGNSGNTIYF,TCRBJ01-03*01,19,3,5.97E-05,B14
TCRBV14-01*01,CASSRNRGQETQYF,TCRBJ02-05*01,17,2,5.97E-05,
TCRBV05-01*01,CASSLGQGLAEAFF,TCRBJ01-01*01,17,2,5.97E-05,
TCRBV06-05*01,CASRTGESGYTF,TCRBJ01-02*01,12,0,6.21E-05,
TCRBV07-03*01,CASSSDSGGTDTQYF,TCRBJ02-03*01,12,0,6.21E-05,
TCRBV09-01,CASSVDGGRGTEAFF,TCRBJ01-01*01,12,0,6.21E-05,
TCRBV29-01*01,CSVEVRGTDTQYF,TCRBJ02-03*01,12,0,6.21E-05,
TCRBV10-01,CASSESGDPSSYEQYF,TCRBJ02-07*01,12,0,6.21E-05,
TCRBV06-01*01,CASSEEAGGSGYTF,TCRBJ01-02*01,12,0,6.21E-05,
TCRBV10-03*01,CAISESQDRGHEQYF,TCRBJ02-07*01,12,0,6.21E-05,
TCRBV18-01*01,CASSPTGGELFF,TCRBJ02-02*01,12,0,6.21E-05,
TCRBV02-01*01,CASSVETGGTEAFF,TCRBJ01-01*01,12,0,6.21E-05,
TCRBV12,CASASANYGYTF,TCRBJ01-02*01,12,0,6.21E-05,A2
TCRBV11-03*01,CASSSRTGEETQYF,TCRBJ02-05*01,12,0,6.21E-05,
TCRBV05-06*01,CASSLGRGYEKLFF,TCRBJ01-04*01,12,0,6.21E-05,B62
TCRBV06-01*01,CASSGLNEQFF,TCRBJ02-01*01,12,0,6.21E-05,
TCRBV14-01*01,CASSRNRAQETQYF,TCRBJ02-05*01,12,0,6.21E-05,
TCRBV25-01*01,CASTPGDEQFF,TCRBJ02-01*01,12,0,6.21E-05,B7
TCRBV05-04*01,CASSLGIDTQYF,TCRBJ02-03*01,12,0,6.21E-05,
TCRBV19-01,CASSIRTNYYGYTF,TCRBJ01-02*01,12,0,6.21E-05,
TCRBV28-01*01,CASSPISNEQFF,TCRBJ02-01*01,12,0,6.21E-05,B7
TCRBV14-01*01,CASSQNRAQETQYF,TCRBJ02-05*01,12,0,6.21E-05,
TCRBV09-01,CASSALGGAGTGELFF,TCRBJ02-02*01,12,0,6.21E-05,
TCRBV07-09,CASSLAVLPTDTQYF,TCRBJ02-03*01,12,0,6.21E-05,
TCRBV07-02*01,CASSLQAGANEQFF,TCRBJ02-01*01,12,0,6.21E-05,
TCRBV19-01,CASSTGGAQPQHF,TCRBJ01-05*01,12,0,6.21E-05,
TCRBV07-09,CASSLGASGSRTDTQYF,TCRBJ02-03*01,12,0,6.21E-05,B45
TCRBV19-01,CASSRGTGATDTQYF,TCRBJ02-03*01,12,0,6.21E-05,
TCRBV06-06,CASSYPGETQYF,TCRBJ02-05*01,37,15,6.88E-05,
TCRBV11-02*02,CASSLTDTGELFF,TCRBJ02-02*01,30,10,7.39E-05,
TCRBV28-01*01,CASRPQGNYGYTF,TCRBJ01-02*01,30,10,7.39E-05,
TCRBV06-05*01,CASSTSGNTIYF,TCRBJ01-03*01,27,8,7.61E-05,
TCRBV05-01*01,CASSSGTGDEQYF,TCRBJ02-07*01,27,8,7.61E-05,
TCRBV18-01*01,CASSPPAGTNYGYTF,TCRBJ01-02*01,27,8,7.61E-05,
TCRBV18-01*01,CASSPLGGTTEAFF,TCRBJ01-01*01,22,5,8.76E-05,B8
TCRBV05-01*01,CASSLGWTEAFF,TCRBJ01-01*01,22,5,8.76E-05,
TCRBV15-01*01,CATSREGSGYEQYF,TCRBJ02-07*01,22,5,8.76E-05,
TCRBV06-05*01,CASSYAGDGYTF,TCRBJ01-02*01,31,11,9.35E-05,
TCRBV04-01*01,CASSDRGNTGELFF,TCRBJ02-02*01,31,11,9.35E-05,
TCRBV20,CSARRGPGELFF,TCRBJ02-02*01,35,14,9.80E-05,
TCRBV03,CASSQGLQETQYF,TCRBJ02-05*01,81,55,9.97E-05,
